IP Address,Port Number
103.167.134.31,80
111.225.152.199,8089
111.225.153.137,8089
222.139.221.185,9091
95.183.140.89,80
202.5.36.68,443
117.74.65.29,8029
139.129.231.228,10000
168.119.186.235,8080
93.171.225.190,80
123.182.58.212,8089
93.180.222.134,8080
103.152.9.144,80
117.74.65.207,35904
123.163.52.24,9091
117.74.65.207,44554
117.74.65.207,6379
117.74.65.207,8181
103.118.78.194,80
117.160.250.137,9999
61.186.243.6,9002
111.225.152.180,8089
120.194.4.157,5443
121.37.207.154,7890
140.238.247.9,8100
20.99.187.69,8443
47.74.152.29,8888
157.90.159.179,8080
101.200.158.78,3128
112.44.126.88,9091
101.65.134.110,8085
117.74.65.207,8003
139.59.1.14,3128
167.235.231.57,80
139.99.237.62,80
129.150.36.169,8090
75.89.101.62,80
116.113.68.130,9091
47.91.56.120,8080
159.138.252.45,3128
47.91.45.235,443
117.160.250.132,8899
117.74.65.207,8085
49.0.246.130,999
117.74.65.207,1024
222.190.173.153,8089
91.107.229.32,8080
64.225.4.29,9863
117.74.65.215,999
165.227.192.191,80
103.152.9.147,80
84.248.46.187,80
103.178.42.14,8181
120.24.44.35,18081
120.232.80.235,18081
93.180.222.134,9991
103.92.233.40,80
117.74.65.215,10007
47.92.248.197,83
168.138.211.5,8080
61.175.214.2,9091
8.219.176.202,8080
91.229.114.143,80
200.187.70.223,3128
117.74.65.215,7890
61.7.146.7,8082
117.74.65.29,1000
87.237.239.95,3128
121.182.54.166,80
177.92.71.66,3129
111.225.153.73,8089
192.154.253.67,8123
95.216.106.70,3128
45.7.64.56,999
182.16.12.29,8088
47.108.167.35,80
111.40.11.204,9091
190.205.40.94,3128
211.97.2.197,9002
103.48.68.35,83
116.63.130.30,3128
146.56.136.237,9090
112.53.167.29,9091
168.119.155.246,8080
117.160.250.131,8828
122.9.21.228,8000
178.75.53.156,80
154.236.189.21,1981
117.160.250.137,81
62.193.108.141,1981
41.188.149.76,80
117.74.65.215,10091
38.22.171.103,999
104.154.225.3,3128
125.66.100.112,9091
47.92.248.197,8889
42.49.77.18,9091
190.43.92.139,999
5.75.159.173,8080
120.195.150.91,9091
162.144.236.128,80
20.24.43.214,8123
117.74.65.215,8000
157.254.193.91,80
139.178.66.232,443
45.176.95.162,999
120.79.34.201,111
111.225.153.209,8089
47.92.239.69,9080
110.238.111.229,8012
8.213.128.90,443
77.89.35.50,8080
156.200.116.66,1976
123.138.214.150,9002
117.74.65.215,10003
200.54.194.13,53281
59.57.50.114,9091
201.71.2.93,999
47.253.214.60,57114
65.108.69.40,10052
64.225.8.121,9980
39.101.65.228,9080
61.53.66.116,9091
117.74.65.215,12000
117.74.65.215,11336
8.134.139.219,8082
117.74.65.215,8499
168.232.144.143,8080
117.74.65.207,3333
103.167.68.77,8080
39.101.65.228,5000
123.133.103.239,9091
103.199.18.110,9000
5.78.69.21,8080
47.93.160.101,80
47.98.219.185,8998
120.79.32.83,18081
113.57.84.39,9091
187.1.57.206,20183
117.74.65.215,10006
185.47.88.118,6666
117.74.65.215,9080
61.145.212.31,3128
117.74.65.207,8499
168.119.155.11,8080
47.74.71.208,3388
131.196.114.141,1994
117.74.65.215,10012
157.100.55.143,999
20.205.61.143,8123
103.121.149.69,8080
159.138.252.45,7890
13.95.173.197,80
159.69.189.199,8080
117.74.65.215,1080
114.113.116.67,9091
117.74.65.207,11
117.74.65.215,11895
5.75.233.30,8080
47.252.20.42,9002
93.180.222.134,80
89.43.10.141,80
41.33.254.188,1976
181.39.120.16,999
179.61.229.126,999
47.103.113.219,18081
117.74.65.29,8083
47.113.219.226,8888
20.111.54.16,80
154.236.168.179,1981
62.193.108.134,1976
182.106.220.252,9091
201.182.251.141,999
123.171.42.231,8089
202.162.105.202,8000
139.99.135.214,80
124.131.219.94,9091
47.96.70.163,55443
117.74.65.207,4145
110.12.211.140,80
117.74.65.29,1080
203.89.126.250,80
117.74.65.29,10443
117.74.65.29,5001
41.65.236.48,1981
210.22.136.14,9002
107.152.38.115,8888
117.160.250.131,8899
103.145.113.78,80
94.131.114.69,3128
117.74.65.29,3333
64.225.4.12,9999
39.104.57.170,9999
112.103.198.145,9002
15.229.24.5,10470
117.74.65.207,8080
49.12.37.124,8080
47.97.97.119,3128
117.95.166.204,9002
117.74.65.215,11080
117.74.65.29,8999
117.74.65.207,9091
47.100.90.127,8089
166.111.41.86,4780
45.173.6.49,999
46.249.101.137,80
154.236.179.226,1981
217.52.247.85,1981
2.9.191.47,80
47.113.219.226,9443
110.238.113.119,999
117.74.65.29,10000
60.12.168.114,9002
117.74.65.215,9443
123.130.115.217,9091
166.111.50.207,4780
75.89.101.63,80
111.8.226.107,9091
46.47.197.210,3128
20.210.113.32,8123
144.172.126.55,8090
212.92.204.54,80
111.225.153.231,8089
165.227.194.13,80
170.233.240.3,3180
47.119.118.222,80
117.74.65.29,7777
202.110.67.141,9091
117.74.65.207,84
112.54.47.55,9091
51.161.118.103,8118
117.74.65.215,10443
72.170.220.17,8080
117.74.65.215,8083
47.109.57.93,50001
223.94.85.131,9091
36.88.11.215,80
152.231.17.227,999
103.142.141.71,80
5.75.145.233,8080
103.152.112.234,80
47.74.64.65,8888
159.138.255.141,3129
123.56.188.209,6666
46.101.13.77,80
111.225.152.118,8089
106.14.47.96,10001
58.57.170.146,9002
51.68.124.241,80
66.70.197.195,8050
202.61.204.51,80
117.159.10.124,9002
120.196.188.21,9091
117.74.65.29,20000
95.183.140.94,80
103.37.111.253,18081
103.155.166.149,8181
42.228.61.245,9091
117.74.65.207,7890
62.193.108.146,1976
103.231.78.36,80
198.11.175.180,8058
124.71.157.181,111
92.137.250.246,3128
103.152.9.151,80
139.255.67.54,3888
91.215.79.95,8081
117.74.65.215,10101
154.236.191.48,1976
36.138.120.73,3128
117.74.65.29,55443
154.236.179.226,1976
119.196.168.205,80
41.65.236.53,1981
124.70.55.29,55443
5.78.78.190,8080
159.138.255.141,9050
101.200.235.69,8090
222.88.194.166,18081
39.104.57.170,83
123.154.158.147,8085
123.182.59.34,8089
103.151.41.7,80
171.34.53.2,9091
159.138.252.45,8080
47.91.95.174,8888
168.119.226.2,8080
106.14.47.96,10619
41.65.227.176,1981
45.77.219.182,80
8.213.137.155,8118
5.78.76.237,8080
142.132.233.90,8080
5.78.84.56,8080
39.104.74.218,7890
94.102.224.149,32650
117.74.65.29,9090
47.88.11.3,10
101.229.242.73,9002
117.74.65.215,3127
123.154.72.52,8085
117.74.65.215,59394
23.88.46.145,8080
64.225.8.121,9988
117.74.65.207,81
117.158.146.215,9091
120.79.7.173,45554
178.212.196.177,9999
115.29.151.41,1081
91.233.169.23,8081
216.158.236.30,80
20.205.61.143,80
45.167.253.129,999
47.74.71.208,3128
65.108.230.239,37825
117.160.250.137,80
94.74.80.88,9030
183.221.242.111,8443
103.82.157.102,8080
45.5.116.242,6969
200.52.148.10,999
114.255.132.60,3128
120.79.86.123,80
47.252.27.174,8081
162.62.81.27,81
117.74.65.215,8118
117.74.65.207,5002
117.74.65.215,30001
161.132.113.180,999
117.74.65.215,10243
120.37.121.209,9091
36.158.107.38,8085
113.143.37.82,9002
117.74.65.207,8123
213.230.127.93,3128
218.13.24.130,9002
117.74.65.207,443
45.234.60.225,999
172.104.128.91,80
47.253.214.60,443
45.112.127.191,80
61.133.66.69,9002
103.152.9.150,80
117.146.231.40,9002
111.225.153.81,8089
91.107.239.124,8080
118.31.2.38,8998
117.74.65.207,83
120.26.123.95,8010
216.137.184.253,80
123.154.74.89,8085
38.83.74.2,3128
117.74.65.29,9443
5.75.135.217,8080
103.152.9.157,80
203.19.38.114,1080
47.74.71.208,8080
34.76.73.21,80
8.219.167.110,8082
103.83.232.122,80
117.74.65.29,9991
92.86.87.227,80
45.71.184.89,999
117.74.65.29,8060
5.45.107.146,8888
47.92.248.86,2019
117.74.65.215,81
183.64.115.112,9091
62.193.108.141,1976
159.203.61.169,3128
95.56.254.139,3128
5.78.43.193,8080
111.8.226.108,9091
47.88.29.108,2080
117.74.65.215,10250
117.74.65.29,8090
120.79.16.132,3333
47.116.131.64,80
38.49.136.181,999
158.69.53.98,9300
105.112.191.250,3128
124.13.181.4,80
41.128.148.80,1976
112.98.177.27,9091
198.11.175.180,3128
195.201.41.237,8080
47.111.173.88,8888
124.79.115.172,9002
120.236.79.139,9002
64.225.8.82,9998
92.27.165.234,80
146.56.129.222,80
61.160.212.99,8111
61.162.225.180,9091
117.74.65.215,3000
117.74.65.207,8999
49.0.246.130,45554
117.74.65.207,5560
183.88.75.189,18080
156.200.116.74,1981
111.224.216.51,8089
47.88.11.3,1234
51.79.207.21,8080
167.172.172.234,38703
117.74.65.215,8085
174.138.167.178,8888
121.78.138.99,80
116.203.139.92,8080
209.145.60.213,80
123.154.28.83,8085
65.20.224.102,80
121.37.207.154,20002
117.74.65.215,83
64.225.8.121,9992
117.74.65.215,8123
117.74.65.215,9002
117.74.65.207,7788
117.74.65.207,6666
117.74.65.29,8001
117.74.65.207,8082
117.160.250.137,8081
111.225.152.108,8089
38.56.70.75,999
117.74.65.215,10002
36.34.159.90,9091
118.31.2.38,8999
117.74.65.29,8123
104.248.156.116,8080
38.51.243.193,999
124.128.157.142,8085
139.224.190.222,8083
159.138.255.141,8047
222.180.240.62,9091
117.160.250.133,80
59.48.218.218,9091
190.202.125.65,8080
117.74.65.215,10010
195.154.84.47,3128
39.101.65.228,111
169.55.89.6,8123
34.120.53.182,80
111.225.152.142,8089
200.106.184.129,999
158.51.107.253,8080
117.74.65.215,55443
45.162.135.201,999
110.238.109.146,2019
65.108.230.239,37035
190.110.99.189,999
201.182.251.142,999
117.74.65.29,7890
117.74.65.215,6969
42.63.10.170,9002
117.74.65.207,9050
117.74.65.215,5001
41.65.236.44,1976
65.108.230.239,46463
181.12.99.204,8080
159.203.61.169,8080
185.143.42.54,9991
64.225.8.82,9985
183.239.62.59,9091
112.2.34.99,9091
111.40.124.221,9091
111.225.152.144,8089
103.153.255.40,3128
103.174.225.67,8080
45.175.237.161,999
197.13.10.14,3128
111.16.50.12,9002
117.74.65.207,30001
117.74.65.29,8020
174.138.167.181,8888
47.243.242.70,8080
62.193.108.146,1981
111.225.153.45,8089
123.183.162.9,9002
62.193.108.136,1976
182.241.132.30,80
82.210.8.173,80
117.74.65.29,6379
117.74.65.29,9091
117.74.65.215,8082
117.160.250.131,8080
58.221.193.74,8888
47.113.224.182,87
3.239.64.123,9999
220.246.195.248,80
80.249.112.162,80
46.105.35.193,8080
64.225.8.118,9985
177.229.210.50,8080
8.213.128.6,993
174.138.24.67,8080
103.150.18.218,80
190.109.16.145,999
117.74.65.207,1883
124.158.167.242,8080
140.206.62.198,9002
125.129.57.91,80
117.74.65.215,8089
118.163.13.200,8080
41.65.236.43,1981
149.154.157.17,4542
142.132.185.239,8080
148.101.179.182,8080
103.49.202.252,80
91.197.77.118,443
201.71.2.189,999
220.248.238.26,9091
190.108.25.27,8080
190.26.201.194,8080
101.132.25.152,8181
5.75.234.253,8080
64.225.8.118,9997
157.245.27.9,3128
106.14.47.96,10102
5.75.162.123,80
2.92.49.249,80
113.161.131.43,80
186.30.118.116,999
152.67.99.80,80
117.74.65.215,311
111.225.153.138,8089
49.0.253.51,8080
120.37.177.50,9091
95.216.218.63,8080
66.211.155.34,8080
47.243.50.83,3128
117.74.65.207,9443
218.28.98.229,9091
190.90.224.122,999
80.179.140.189,80
189.90.241.202,9999
106.14.171.126,8191
117.74.65.207,993
24.230.33.96,3128
167.71.170.66,80
117.74.65.207,8883
201.71.2.122,999
58.246.58.150,9002
117.74.65.215,8999
124.70.205.56,5566
154.85.58.149,80
138.68.60.8,8080
38.7.207.92,80
101.68.26.102,8085
64.225.4.12,9997
15.228.5.64,3128
110.185.164.20,9091
165.154.236.214,80
210.148.141.3,8080
117.160.250.137,8828
117.74.65.215,808
117.74.65.215,7777
120.79.16.132,8083
179.189.197.253,3129
37.24.64.50,4444
118.107.44.181,8000
156.200.116.74,1976
201.218.42.203,1994
117.74.65.29,10001
117.74.65.29,9080
167.99.124.118,80
113.204.239.90,8089
117.74.65.207,41890
47.252.1.180,2019
61.183.234.226,9091
117.74.65.215,10726
103.117.192.14,80
64.225.4.81,9998
153.101.67.170,9002
210.148.141.4,8080
140.227.8.56,58888
121.37.201.60,8085
117.74.65.207,3128
117.74.65.215,10494
51.15.242.202,8888
117.74.65.207,7777
20.24.43.214,80
158.69.157.172,80
20.111.54.16,8123
47.245.34.161,2020
117.74.65.29,9999
95.217.20.26,3128
124.90.211.204,8085
185.143.42.54,8080
183.222.217.168,9091
167.172.184.143,80
49.0.253.51,2080
137.184.197.190,80
65.108.230.239,34253
150.109.12.63,8999
211.97.2.196,9002
188.132.222.50,8080
117.74.65.215,8888
117.74.65.215,8090
121.128.194.154,80
223.210.2.228,9091
155.138.132.50,80
189.48.134.124,8080
41.65.236.48,1976
111.225.152.203,8089
117.74.65.29,84
174.138.184.82,43071
203.146.127.159,80
116.63.128.247,3333
173.212.200.30,3128
95.216.168.92,80
117.74.65.207,8001
47.74.64.65,3128
178.33.3.163,8080
117.74.65.207,4443
117.74.65.215,8181
80.14.219.107,3128
130.41.109.158,8080
124.70.55.29,8000
69.63.78.199,3129
120.202.128.112,9002
91.202.230.219,8080
117.74.65.29,3000
85.195.237.31,8899
181.176.211.168,8080
117.74.65.215,11268
117.74.65.207,54417
117.74.65.207,808
111.21.183.58,9091
167.235.244.111,8080
117.74.65.215,111
5.78.93.11,8080
139.9.70.132,8888
154.236.191.46,1981
174.138.167.180,8888
103.169.254.164,8061
111.225.153.17,8089
117.74.65.215,11300
120.197.219.82,9091
183.233.169.226,9091
103.167.107.149,8080
51.75.206.209,80
31.28.4.192,80
221.225.81.91,3128
117.74.65.29,3128
80.232.242.125,9002
139.99.238.83,8080
117.74.65.29,5000
197.246.10.151,8080
183.221.221.149,9091
113.160.214.209,19132
183.89.61.102,8080
182.16.12.27,8088
103.225.11.135,80
59.15.28.113,3128
39.106.217.234,3129
103.152.9.149,80
8.219.43.134,8081
138.201.245.91,8080
5.78.44.142,8080
120.46.197.14,9191
200.103.102.18,80
101.109.189.21,8080
117.159.37.40,9091
24.172.82.94,53281
103.160.68.43,8090
110.238.111.229,2080
117.74.65.215,10000
23.254.209.174,8888
45.85.45.30,80
102.165.51.172,3128
135.181.15.198,3128
38.83.74.2,443
103.152.9.136,80
112.6.178.53,8085
117.74.65.215,3128
117.74.65.207,7302
216.80.39.89,3129
43.245.85.252,80
46.233.57.244,9184
165.154.224.14,80
117.74.65.215,8080
103.70.79.3,8080
119.13.103.211,9002
3.128.142.113,80
181.31.225.234,3128
20.210.113.32,80
47.91.56.120,10243
47.96.70.163,8081
117.74.65.215,41890
117.160.250.131,9999
101.6.53.65,4780
112.245.48.74,9002
157.90.121.60,8080
117.74.65.215,8001
64.225.8.121,9987
5.75.190.15,8080
217.76.50.200,8000
188.132.222.5,8080
117.74.65.215,10001
124.158.175.26,8080
139.162.78.109,3128
117.74.65.215,50001
117.74.65.207,70
58.20.184.187,9091
117.40.176.42,9091
221.6.215.202,9091
117.74.65.215,10948
47.254.47.61,77
168.119.99.159,8080
117.74.65.207,31653
64.225.8.118,9995
5.75.224.218,8080
101.200.235.69,9080
117.74.65.207,9000
157.100.56.94,999
58.20.248.139,9002
45.182.176.38,9947
8.219.97.248,80
117.74.65.207,1023
117.74.65.29,8081
47.109.52.147,8888
117.74.65.207,58208
182.91.12.22,8085
8.208.84.236,8081
60.175.244.38,9002
139.59.1.14,8080
123.202.159.108,80
124.122.6.177,8080
111.225.153.108,8089
210.17.255.58,8080
58.27.59.249,80
182.16.12.26,8088
103.109.209.28,6969
74.87.187.174,8246
117.74.65.207,8118
117.69.236.99,8089
134.0.63.134,8000
103.216.103.163,80
80.48.119.28,8080
117.74.65.215,11002
181.204.118.50,8080
117.74.65.215,9090
8.208.90.194,8021
103.152.9.153,80
117.74.65.215,1000
117.74.65.207,9002
185.15.172.212,3128
138.197.148.215,80
106.105.218.244,80
163.177.106.4,8001
196.204.24.251,8080
49.0.252.39,9002
117.74.65.207,20000
135.181.253.44,8080
119.18.149.34,8080
112.74.17.5,8999
106.14.47.96,54321
117.74.65.207,1000
168.119.48.135,8080
190.254.0.99,999
195.246.54.31,8080
117.74.65.207,5801
200.24.134.61,999
193.57.136.48,3128
111.40.62.199,9091
117.74.65.207,13
109.254.37.40,9090
181.65.129.98,999
186.96.141.199,999
103.156.56.2,80
109.254.3.132,9090
122.116.150.2,9000
210.148.200.1,8080
64.226.73.44,8118
103.169.134.10,8080
61.158.175.38,9002
117.74.65.207,1081
5.17.6.83,8080
103.152.9.132,80
119.13.103.211,20201
123.154.26.11,8085
3.76.14.148,3128
200.69.210.59,80
188.34.162.71,8080
216.246.40.215,8999
117.160.250.131,82
139.196.214.238,3333
120.224.180.41,9002
64.225.8.118,9979
41.65.236.37,1976
49.12.235.190,8080
47.56.110.204,8989
8.219.169.172,20
117.74.65.215,10024
183.221.242.103,9443
88.99.127.56,8080
103.152.9.141,80
39.185.232.150,9091
182.16.12.28,8088
103.152.9.128,80
41.161.92.138,8080
185.32.6.131,8090
201.77.108.72,999
95.0.171.40,8080
120.224.145.187,9091
202.8.74.9,8080
117.74.65.207,1337
117.74.65.207,9999
43.255.113.232,8085
103.152.9.154,80
94.45.74.60,8080
20.206.106.192,80
47.92.248.86,8081
117.74.65.215,10005
3.6.121.198,80
20.69.79.158,8443
117.74.65.29,2000
47.92.248.197,8123
112.194.142.135,9091
172.105.197.49,80
104.198.118.214,1234
112.124.2.212,8086
119.7.135.19,9091
117.74.65.215,1081
117.74.65.29,8181
141.95.127.15,3128
62.57.110.226,80
120.46.197.14,10001
117.74.65.207,999
117.74.65.215,11127
173.82.140.16,80
117.74.65.207,2095
49.0.252.39,08
117.74.65.215,11310
47.113.203.122,30001
195.181.152.71,3128
117.74.65.207,17328
101.68.27.101,8085
117.160.250.131,8081
39.104.79.145,8123
123.56.218.208,80
65.108.230.239,45851
123.205.34.219,80
39.106.16.190,3128
182.16.12.30,8088
183.220.6.198,9091
154.236.189.27,8080
39.170.42.90,9091
152.32.67.107,65535
91.229.114.153,80
58.18.223.212,9002
190.186.159.17,999
82.200.80.118,8080
174.138.167.179,8888
117.74.65.215,1337
59.44.203.138,9091
167.235.52.44,8080
110.238.111.229,80
103.127.1.130,80
103.234.55.173,80
45.91.132.69,8080
202.162.105.202,80
123.13.218.68,9002
138.59.187.10,666
115.144.102.39,10080
121.37.201.60,59394
123.245.248.84,8089
45.171.145.138,8083
222.98.29.152,80
42.2.156.79,80
45.173.12.138,1994
117.160.250.131,81
162.223.94.163,80
130.41.85.158,8080
103.152.9.139,80
188.40.96.177,8118
154.236.189.21,1976
5.78.77.144,8080
167.235.204.162,8080
121.31.35.98,9091
210.22.161.86,9002
111.225.153.215,8089
183.172.216.198,10080
117.74.65.29,3127
62.193.108.155,1976
200.123.15.251,999
221.6.139.190,9002
62.162.91.205,3129
117.74.65.215,8020
117.74.65.207,5678
201.71.2.121,999
117.74.65.207,111
116.63.128.247,808
181.209.111.149,999
58.57.170.154,9002
5.78.72.23,8080
117.74.65.207,8282
181.222.150.252,80
156.200.116.66,1981
139.196.214.238,8029
64.225.8.191,9998
36.90.20.149,80
60.6.237.112,9002
43.255.113.232,82
111.225.152.206,8089
58.57.170.150,9002
157.230.226.230,1202
198.11.175.192,8080
161.35.70.249,8080
157.90.236.24,8080
124.70.221.252,4455
103.75.196.121,80
183.238.32.234,9002
152.69.215.206,80
77.91.74.77,80
110.34.3.229,3128
41.65.236.57,1976
117.74.65.207,5443
23.88.46.107,8080
201.71.2.185,999
103.137.40.245,80
221.131.158.246,8888
200.111.182.6,443
82.146.37.145,80
123.183.160.83,9091
120.234.135.251,9002
8.130.34.237,20
106.14.47.96,10808
117.74.65.215,11329
163.172.31.44,80
195.201.22.135,8080
123.157.233.138,9091
117.74.65.29,8282
217.52.247.76,1976
5.75.143.44,8080
196.189.44.49,1234
117.74.65.215,84
117.74.65.215,11666
188.255.237.254,6666
117.74.65.215,8081
117.74.65.207,502
222.67.190.142,9000
181.39.120.7,999
186.159.6.163,1994
139.196.214.238,8020
190.128.241.102,80
5.78.94.65,8080
174.138.167.182,8888
123.25.21.211,3128
117.74.65.207,3127
223.108.49.50,3128
64.225.8.121,9990
112.26.81.142,9091
102.164.252.150,8080
124.13.181.6,80
106.14.47.96,10398
117.74.65.29,8080
112.124.38.70,3128
49.12.4.230,8080
117.74.65.207,5004
45.62.167.249,80
91.213.249.200,80
121.22.53.166,9091
128.199.202.122,3128
60.210.40.190,9091
159.138.130.126,8999
121.37.205.253,87
187.130.139.197,8080
103.152.9.158,80
201.229.250.21,8080
117.74.65.29,8889
112.51.96.118,9091
112.123.102.10,9002
117.74.65.207,50001
117.74.65.29,59394
43.255.113.232,85
103.76.12.42,8181
111.59.4.88,9002
117.74.65.215,10008
221.10.250.51,9091
117.74.65.207,9992
8.208.89.32,8118
143.0.176.136,8088
117.74.65.207,8029
117.74.65.207,9994
51.159.66.158,3128
117.74.65.215,3333
117.74.65.29,1337
181.78.13.211,999
18.102.95.107,3128
170.64.186.141,8080
107.173.80.140,9000
190.116.56.77,999
169.55.89.6,80
23.238.33.186,80
117.74.65.215,8889
117.74.65.215,8029
117.74.65.29,50001
117.74.65.207,10243
47.252.27.174,443
189.204.145.131,999
117.74.65.29,6969
103.119.95.2,80
162.55.33.170,8080
117.74.65.29,82
91.107.237.245,8080
117.74.65.215,2000
121.1.41.162,111
117.74.65.215,20000
134.209.108.182,8888
183.233.219.26,9002
103.216.50.92,8080
191.252.195.53,8888
200.123.29.45,3128
117.74.65.215,10011
47.254.158.115,999
103.241.182.97,80
13.81.217.201,80
47.243.175.55,8989
112.54.41.177,9091
117.74.65.215,5678
45.173.6.5,999
117.74.65.215,11443
121.183.80.210,80
201.76.218.220,9898
210.75.50.242,9002
45.174.87.18,999
111.225.153.6,8089
20.206.106.192,8123
117.74.65.215,8060
8.213.128.6,3132
103.197.251.202,80
117.74.65.29,83
47.243.50.83,1024
200.123.29.38,3128
218.89.51.167,9091
41.33.254.188,1981
103.149.194.199,32650
142.132.177.174,8080
81.250.223.126,80
156.17.193.1,80
161.35.70.249,3128
118.107.44.181,80
54.222.237.192,8888
190.136.50.67,3128
120.196.186.248,9091
117.74.65.29,111
220.248.70.237,9002
47.98.219.185,8999
43.255.113.232,86
121.37.203.216,9091
103.149.130.38,80
117.74.65.215,10022
58.18.223.211,9002
111.120.8.205,8085
200.106.184.21,999
183.237.47.54,9091
122.3.41.154,8090
139.162.78.109,8080
117.74.65.207,88
200.123.15.250,999
202.103.203.97,9091
47.253.71.33,8088
168.119.61.199,8080
121.37.205.253,8282
8.219.211.97,9999
47.243.175.55,8080
117.74.65.215,9091
45.167.23.30,999
41.65.236.37,1981
43.255.113.232,84
103.210.57.243,80
162.55.172.47,8080
121.37.199.23,8080
103.155.54.26,83
95.137.240.30,60030
117.74.65.215,10216
191.97.14.26,999
38.41.0.193,8080
210.22.131.162,9002
95.141.43.194,8118
119.166.232.228,9091
119.252.171.50,8080
190.124.165.199,3128
181.232.190.178,999
180.126.196.177,9002
200.123.15.194,999
139.59.249.244,7777
177.85.245.87,8088
162.55.169.39,8080
103.152.9.137,80
117.74.65.215,8282
120.197.40.219,9002
117.160.132.37,9091
131.100.48.73,999
144.217.240.185,9300
222.165.205.154,8089
165.227.236.216,80
117.160.250.134,8899
217.52.247.85,1976
188.34.155.249,8080
187.74.199.2,8085
183.239.30.117,80
210.22.77.94,9002
191.240.153.165,8080
103.152.9.142,80
113.208.119.142,9002
179.48.191.2,8088
103.152.9.131,80
120.236.41.185,9091
8.209.64.208,1234
117.74.65.215,82
